clip,source_id,duration_s,snr_db,clipping_ratio,peak_dbfs,lufs,nonspeech_ratio,qc_pass,qc_reasons
en_nptel_lecture_demo_0001.wav,en_nptel_lecture_demo,14.5,26.6,9e-05,0.0,-18.9,0.027,True,
en_nptel_lecture_demo_0002.wav,en_nptel_lecture_demo,18.7,29.2,0.0002,0.0,-17.5,0.047,False,too_long(18.7s)
en_nptel_lecture_demo_0003.wav,en_nptel_lecture_demo,7.3,37.4,0.00068,0.0,-18.0,0.072,True,
en_nptel_lecture_demo_0004.wav,en_nptel_lecture_demo,13.7,38.3,0.00261,0.0,-14.5,0.021,True,
en_nptel_lecture_demo_0005.wav,en_nptel_lecture_demo,13.7,3.9,0.00117,0.0,-14.9,0.029,False,low_snr(3.9dB)
en_nptel_lecture_demo_0006.wav,en_nptel_lecture_demo,13.7,30.4,6e-05,0.0,-18.5,0.019,True,
en_nptel_lecture_demo_0007.wav,en_nptel_lecture_demo,13.8,13.8,0.00152,0.0,-15.8,0.022,False,low_snr(13.8dB)
en_nptel_lecture_demo_0008.wav,en_nptel_lecture_demo,5.9,36.5,0.0,-1.39,-18.8,0.022,True,
en_nptel_lecture_demo_0009.wav,en_nptel_lecture_demo,14.5,38.3,0.00283,0.0,-13.0,0.049,True,
en_nptel_lecture_demo_0010.wav,en_nptel_lecture_demo,4.1,35.1,0.0,-0.02,-20.4,0.08,True,
en_nptel_lecture_demo_0011.wav,en_nptel_lecture_demo,4.5,36.0,0.00043,0.0,-19.4,0.123,True,
en_nptel_lecture_demo_0012.wav,en_nptel_lecture_demo,20.5,43.5,0.00135,0.0,-14.2,0.01,False,too_long(20.5s)
en_nptel_lecture_demo_0013.wav,en_nptel_lecture_demo,4.2,47.0,0.00222,0.0,-15.9,0.016,True,
en_nptel_lecture_demo_0014.wav,en_nptel_lecture_demo,8.5,36.2,0.00251,0.0,-13.0,0.119,True,
en_nptel_lecture_demo_0015.wav,en_nptel_lecture_demo,16.1,30.0,0.00159,0.0,-15.3,0.067,True,
en_nptel_lecture_demo_0016.wav,en_nptel_lecture_demo,16.1,36.9,0.00299,0.0,-13.4,0.045,True,
en_nptel_lecture_demo_0017.wav,en_nptel_lecture_demo,8.2,40.3,0.00332,0.0,-13.7,0.016,True,
en_nptel_lecture_demo_0018.wav,en_nptel_lecture_demo,15.7,35.8,0.00293,0.0,-13.7,0.06,True,
en_nptel_lecture_demo_0019.wav,en_nptel_lecture_demo,15.7,13.5,0.00223,0.0,-14.1,0.043,False,low_snr(13.5dB)
en_nptel_lecture_demo_0020.wav,en_nptel_lecture_demo,7.4,49.1,0.00243,0.0,-14.1,0.019,True,
en_nptel_lecture_demo_0021.wav,en_nptel_lecture_demo,13.4,39.8,0.00381,0.0,-13.6,0.024,True,
en_nptel_lecture_demo_0022.wav,en_nptel_lecture_demo,13.4,32.4,0.00069,0.0,-15.4,0.022,True,
en_nptel_lecture_demo_0023.wav,en_nptel_lecture_demo,6.4,32.0,0.00114,0.0,-14.0,0.051,True,
en_nptel_lecture_demo_0024.wav,en_nptel_lecture_demo,7.9,38.5,0.0001,0.0,-17.1,0.049,True,
en_nptel_lecture_demo_0025.wav,en_nptel_lecture_demo,8.7,16.0,0.00138,0.0,-15.7,0.011,False,low_snr(16.0dB)
en_nptel_lecture_demo_0026.wav,en_nptel_lecture_demo,17.8,33.6,0.00154,0.0,-16.0,0.011,True,
en_nptel_lecture_demo_0027.wav,en_nptel_lecture_demo,4.5,20.9,0.00443,0.0,-13.2,0.058,False,low_snr(20.9dB)
en_nptel_lecture_demo_0028.wav,en_nptel_lecture_demo,6.6,40.5,0.00602,0.0,-12.4,0.041,True,
en_nptel_lecture_demo_0029.wav,en_nptel_lecture_demo,4.8,45.8,0.0012,0.0,-15.1,0.041,True,
en_nptel_lecture_demo_0030.wav,en_nptel_lecture_demo,8.8,46.0,0.00194,0.0,-14.5,0.052,True,
en_nptel_lecture_demo_0031.wav,en_nptel_lecture_demo,21.1,43.4,0.0035,0.0,-14.1,0.034,False,too_long(21.1s)
en_nptel_lecture_demo_0032.wav,en_nptel_lecture_demo,12.2,14.5,0.00621,0.0,-12.4,0.067,False,low_snr(14.5dB)
en_nptel_lecture_demo_0033.wav,en_nptel_lecture_demo,11.7,35.4,0.00173,0.0,-14.1,0.0,True,
en_nptel_lecture_demo_0034.wav,en_nptel_lecture_demo,10.4,38.1,0.00084,0.0,-15.0,0.022,True,
en_nptel_lecture_demo_0035.wav,en_nptel_lecture_demo,6.2,41.7,0.00333,0.0,-13.4,0.011,True,
en_nptel_lecture_demo_0036.wav,en_nptel_lecture_demo,4.3,9.9,0.00629,0.0,-12.5,0.296,False,low_snr(9.9dB)
en_nptel_lecture_demo_0037.wav,en_nptel_lecture_demo,7.9,35.5,0.00105,0.0,-14.0,0.008,True,
en_nptel_lecture_demo_0038.wav,en_nptel_lecture_demo,12.1,43.5,0.00339,0.0,-13.3,0.027,True,
en_nptel_lecture_demo_0039.wav,en_nptel_lecture_demo,10.8,44.0,0.00178,0.0,-14.5,0.044,True,
en_nptel_lecture_demo_0040.wav,en_nptel_lecture_demo,4.8,22.5,0.00176,0.0,-15.2,0.102,True,
en_nptel_lecture_demo_0041.wav,en_nptel_lecture_demo,7.5,42.4,0.00071,0.0,-16.5,0.009,True,
en_nptel_lecture_demo_0042.wav,en_nptel_lecture_demo,6.1,48.9,0.00711,0.0,-14.1,0.011,True,
en_nptel_lecture_demo_0043.wav,en_nptel_lecture_demo,5.3,36.3,0.00512,0.0,-13.4,0.092,True,
en_nptel_lecture_demo_0044.wav,en_nptel_lecture_demo,15.9,32.1,0.0031,0.0,-13.5,0.021,True,
en_nptel_lecture_demo_0045.wav,en_nptel_lecture_demo,9.9,44.9,0.00355,0.0,-14.7,0.033,True,
en_nptel_lecture_demo_0046.wav,en_nptel_lecture_demo,13.3,39.4,0.00314,0.0,-12.8,0.029,True,
en_nptel_lecture_demo_0047.wav,en_nptel_lecture_demo,6.2,35.5,0.00102,0.0,-14.4,0.089,True,
en_nptel_lecture_demo_0048.wav,en_nptel_lecture_demo,13.3,37.4,0.00153,0.0,-15.3,0.024,True,
en_nptel_lecture_demo_0049.wav,en_nptel_lecture_demo,5.4,43.4,0.00128,0.0,-13.9,0.018,True,
en_nptel_lecture_demo_0050.wav,en_nptel_lecture_demo,7.8,11.2,0.00165,0.0,-15.1,0.046,False,low_snr(11.2dB)
en_nptel_lecture_demo_0051.wav,en_nptel_lecture_demo,6.4,37.5,0.0,-2.83,-22.3,0.01,True,
en_nptel_lecture_demo_0052.wav,en_nptel_lecture_demo,10.8,36.3,0.00016,0.0,-19.0,0.023,True,
en_nptel_lecture_demo_0053.wav,en_nptel_lecture_demo,6.2,27.5,0.0,-3.23,-20.6,0.005,True,
en_nptel_lecture_demo_0054.wav,en_nptel_lecture_demo,18.4,48.7,0.00195,0.0,-14.4,0.009,False,too_long(18.4s)
en_nptel_lecture_demo_0055.wav,en_nptel_lecture_demo,13.7,14.3,0.00724,0.0,-12.8,0.122,False,low_snr(14.3dB)
en_nptel_lecture_demo_0056.wav,en_nptel_lecture_demo,4.1,48.6,0.00105,0.0,-14.4,0.041,True,
en_nptel_lecture_demo_0057.wav,en_nptel_lecture_demo,14.05,48.2,0.00368,0.0,-13.6,0.005,True,
en_nptel_lecture_demo_0058.wav,en_nptel_lecture_demo,14.05,5.1,0.00077,0.0,-16.5,0.081,False,low_snr(5.1dB)
en_nptel_lecture_demo_0059.wav,en_nptel_lecture_demo,17.7,37.6,0.00315,0.0,-13.3,0.048,True,
en_nptel_lecture_demo_0060.wav,en_nptel_lecture_demo,10.2,36.7,0.00438,0.0,-12.9,0.054,True,
en_nptel_lecture_demo_0061.wav,en_nptel_lecture_demo,4.3,44.2,0.00365,0.0,-14.6,0.114,True,
en_nptel_lecture_demo_0062.wav,en_nptel_lecture_demo,9.0,41.6,0.00456,0.0,-12.7,0.023,True,
en_nptel_lecture_demo_0063.wav,en_nptel_lecture_demo,6.4,23.5,0.00019,0.0,-18.5,0.041,True,
en_nptel_lecture_demo_0064.wav,en_nptel_lecture_demo,5.5,12.6,5e-05,-0.0,-17.5,0.105,False,low_snr(12.6dB)
en_nptel_lecture_demo_0065.wav,en_nptel_lecture_demo,4.6,47.8,0.00152,0.0,-15.6,0.041,True,
en_nptel_lecture_demo_0066.wav,en_nptel_lecture_demo,6.7,38.2,0.00087,0.0,-19.1,0.068,True,
en_nptel_lecture_demo_0067.wav,en_nptel_lecture_demo,12.0,33.3,0.007,0.0,-11.8,0.027,False,too_loud(-11.8LUFS)
en_nptel_lecture_demo_0068.wav,en_nptel_lecture_demo,12.0,44.5,0.00164,0.0,-14.0,0.025,True,
en_nptel_lecture_demo_0069.wav,en_nptel_lecture_demo,6.4,46.1,0.00558,0.0,-12.7,0.005,True,
en_nptel_lecture_demo_0070.wav,en_nptel_lecture_demo,10.9,17.3,0.00186,0.0,-13.9,0.039,False,low_snr(17.3dB)
en_nptel_lecture_demo_0071.wav,en_nptel_lecture_demo,15.05,22.0,0.00195,0.0,-14.2,0.03,True,
en_nptel_lecture_demo_0072.wav,en_nptel_lecture_demo,15.05,-0.1,0.00073,0.0,-14.9,0.161,False,low_snr(-0.1dB)
en_nptel_lecture_demo_0073.wav,en_nptel_lecture_demo,14.9,52.0,0.00054,0.0,-14.1,0.061,True,
en_nptel_lecture_demo_0074.wav,en_nptel_lecture_demo,7.7,25.7,0.00195,0.0,-14.8,0.054,True,
en_nptel_lecture_demo_0075.wav,en_nptel_lecture_demo,9.8,38.6,0.00265,0.0,-14.0,0.074,True,
en_nptel_lecture_demo_0076.wav,en_nptel_lecture_demo,14.8,38.7,0.0029,0.0,-13.6,0.094,True,
en_nptel_lecture_demo_0077.wav,en_nptel_lecture_demo,13.03,38.8,0.00543,0.0,-13.1,0.01,True,
en_nptel_lecture_demo_0078.wav,en_nptel_lecture_demo,13.03,9.4,0.00028,0.0,-16.0,0.062,False,low_snr(9.4dB)
en_nptel_lecture_demo_0079.wav,en_nptel_lecture_demo,13.03,7.3,0.00037,0.0,-17.5,0.072,False,low_snr(7.3dB)
en_nptel_lecture_demo_0080.wav,en_nptel_lecture_demo,19.3,38.8,0.0024,0.0,-13.7,0.064,False,too_long(19.3s)
en_nptel_lecture_demo_0081.wav,en_nptel_lecture_demo,11.95,47.2,0.00198,0.0,-14.7,0.017,True,
en_nptel_lecture_demo_0082.wav,en_nptel_lecture_demo,11.95,37.8,0.00451,0.0,-12.9,0.085,True,
en_nptel_lecture_demo_0083.wav,en_nptel_lecture_demo,11.7,35.0,0.00452,0.0,-12.7,0.011,True,
en_nptel_lecture_demo_0084.wav,en_nptel_lecture_demo,12.6,15.5,0.00268,0.0,-12.8,0.043,False,low_snr(15.5dB)
en_nptel_lecture_demo_0085.wav,en_nptel_lecture_demo,12.5,40.4,0.00159,0.0,-14.7,0.029,True,
en_nptel_lecture_demo_0086.wav,en_nptel_lecture_demo,11.1,12.2,0.00324,0.0,-14.4,0.041,False,low_snr(12.2dB)
en_nptel_lecture_demo_0087.wav,en_nptel_lecture_demo,11.1,7.9,0.00043,0.0,-17.6,0.033,False,low_snr(7.9dB)
en_nptel_lecture_demo_0088.wav,en_nptel_lecture_demo,8.5,15.9,1e-05,0.0,-18.9,0.062,False,low_snr(15.9dB)
en_psychro_p1_0001.wav,en_psychro_p1,13.45,31.3,0.0,-3.07,-20.4,0.042,True,
en_psychro_p1_0002.wav,en_psychro_p1,13.45,22.4,0.0,-1.79,-22.4,0.07,True,
en_psychro_p1_0003.wav,en_psychro_p1,18.1,14.3,0.0,-5.17,-23.7,0.005,False,too_long(18.1s);low_snr(14.3dB)
en_psychro_p1_0004.wav,en_psychro_p1,13.35,21.9,0.0,-1.47,-21.4,0.061,False,low_snr(21.9dB)
en_psychro_p1_0005.wav,en_psychro_p1,13.35,11.8,0.0,-0.2,-23.1,0.012,False,low_snr(11.8dB)
en_psychro_p1_0006.wav,en_psychro_p1,21.7,24.8,2e-05,0.0,-22.9,0.012,False,too_long(21.7s)
en_psychro_p1_0007.wav,en_psychro_p1,15.88,33.1,0.0,-0.88,-20.5,0.041,True,
en_psychro_p1_0008.wav,en_psychro_p1,15.88,3.1,3e-05,-0.0,-21.4,0.158,False,low_snr(3.1dB)
en_psychro_p1_0009.wav,en_psychro_p1,15.88,47.3,0.0,-0.0,-21.5,0.014,True,
en_psychro_p1_0010.wav,en_psychro_p1,15.88,39.6,0.00018,-0.0,-21.8,0.006,True,
en_psychro_p1_0011.wav,en_psychro_p1,15.88,28.7,0.0,-1.49,-21.7,0.039,True,
en_psychro_p1_0012.wav,en_psychro_p1,13.93,44.4,2e-05,0.0,-20.1,0.002,True,
en_psychro_p1_0013.wav,en_psychro_p1,13.93,50.7,0.0,-0.34,-20.6,0.0,True,
en_psychro_p1_0014.wav,en_psychro_p1,13.93,33.1,9e-05,0.0,-19.3,0.057,True,
en_psychro_p1_0015.wav,en_psychro_p1,7.2,25.2,0.0,-0.03,-18.3,0.023,True,
en_psychro_p1_0016.wav,en_psychro_p1,11.9,16.9,0.0,-0.12,-18.6,0.03,False,low_snr(16.9dB)
en_psychro_p1_0017.wav,en_psychro_p1,18.7,34.9,0.0,-0.02,-20.3,0.046,False,too_long(18.7s)
en_psychro_p1_0018.wav,en_psychro_p1,15.0,40.6,0.0,-0.97,-18.6,0.039,True,
en_psychro_p1_0019.wav,en_psychro_p1,10.2,41.4,1e-05,0.0,-18.2,0.054,True,
en_psychro_p1_0020.wav,en_psychro_p1,15.7,35.7,6e-05,0.0,-17.8,0.052,True,
en_psychro_p1_0021.wav,en_psychro_p1,13.3,42.6,0.00039,0.0,-16.5,0.049,True,
en_psychro_p1_0022.wav,en_psychro_p1,8.6,48.6,0.00025,0.0,-17.9,0.011,True,
en_psychro_p1_0023.wav,en_psychro_p1,5.5,36.8,0.0,-0.72,-18.3,0.064,True,
en_psychro_p1_0024.wav,en_psychro_p1,18.7,16.2,0.0,-0.03,-20.8,0.043,False,too_long(18.7s);low_snr(16.2dB)
en_psychro_p1_0025.wav,en_psychro_p1,15.75,13.4,0.00017,0.0,-17.7,0.004,False,low_snr(13.4dB)
en_psychro_p1_0026.wav,en_psychro_p1,15.75,44.8,0.0,-0.45,-21.6,0.025,True,
en_psychro_p1_0027.wav,en_psychro_p1,7.0,49.3,0.00099,0.0,-15.5,0.005,True,
en_psychro_p1_0028.wav,en_psychro_p1,11.2,13.6,0.0,-1.73,-18.4,0.02,False,low_snr(13.6dB)
en_psychro_p1_0029.wav,en_psychro_p1,4.9,33.1,0.0,-1.96,-20.9,0.178,True,
en_psychro_p1_0030.wav,en_psychro_p1,14.7,33.7,4e-05,0.0,-20.2,0.014,True,
en_psychro_p1_0031.wav,en_psychro_p1,9.5,9.8,8e-05,-0.0,-18.2,0.041,False,low_snr(9.8dB)
en_psychro_p1_0032.wav,en_psychro_p1,6.1,26.6,0.00106,0.0,-17.3,0.016,True,
en_psychro_p1_0033.wav,en_psychro_p1,12.3,29.8,0.00013,0.0,-19.2,0.005,True,
en_psychro_p1_0034.wav,en_psychro_p1,17.3,15.2,0.00011,0.0,-19.2,0.026,False,low_snr(15.2dB)
en_psychro_p1_0035.wav,en_psychro_p1,12.05,30.5,0.0,-1.19,-21.4,0.024,True,
en_psychro_p1_0036.wav,en_psychro_p1,12.05,43.4,2e-05,-0.0,-18.1,0.0,True,
en_psychro_p1_0037.wav,en_psychro_p1,17.8,20.7,2e-05,0.0,-19.6,0.035,False,low_snr(20.7dB)
en_psychro_p1_0038.wav,en_psychro_p1,13.4,42.8,0.0,-2.69,-21.2,0.029,True,
en_psychro_p1_0039.wav,en_psychro_p1,7.5,39.0,1e-05,-0.0,-18.1,0.009,True,
en_psychro_p1_0040.wav,en_psychro_p1,7.7,47.4,0.00011,0.0,-20.0,0.046,True,
en_psychro_p1_0041.wav,en_psychro_p1,14.2,38.8,2e-05,-0.0,-18.2,0.021,True,
en_psychro_p1_0042.wav,en_psychro_p1,5.6,44.4,0.00018,0.0,-19.7,0.041,True,
en_psychro_p1_0043.wav,en_psychro_p1,13.0,40.4,7e-05,0.0,-17.8,0.045,True,
en_psychro_p1_0044.wav,en_psychro_p1,13.0,8.7,0.0,-2.35,-22.5,0.013,False,low_snr(8.7dB)
en_psychro_p1_0045.wav,en_psychro_p1,4.9,27.7,0.0,-1.94,-19.1,0.013,True,
en_psychro_p1_0046.wav,en_psychro_p1,13.7,10.7,4e-05,0.0,-19.0,0.05,False,low_snr(10.7dB)
en_psychro_p1_0047.wav,en_psychro_p1,13.7,34.2,3e-05,-0.0,-20.1,0.019,True,
en_psychro_p1_0048.wav,en_psychro_p1,10.5,13.4,0.0,-1.46,-20.8,0.05,False,low_snr(13.4dB)
en_psychro_p1_0049.wav,en_psychro_p1,5.0,46.5,0.0005,0.0,-17.7,0.158,True,
en_psychro_p1_0050.wav,en_psychro_p1,20.4,44.4,0.0,-0.03,-20.6,0.05,False,too_long(20.4s)
en_psychro_p1_0051.wav,en_psychro_p1,15.6,44.4,0.00012,0.0,-18.1,0.027,True,
en_psychro_p1_0052.wav,en_psychro_p1,6.0,13.8,0.00027,0.0,-18.7,0.016,False,low_snr(13.8dB)
en_psychro_p1_0053.wav,en_psychro_p1,13.9,36.6,0.0,-0.26,-19.1,0.047,True,
en_psychro_p1_0054.wav,en_psychro_p1,8.8,10.7,0.00017,0.0,-17.3,0.056,False,low_snr(10.7dB)
en_psychro_p1_0055.wav,en_psychro_p1,5.0,37.4,0.0,-0.15,-20.2,0.054,True,
en_psychro_p1_0056.wav,en_psychro_p1,14.5,38.2,0.0,-0.62,-20.2,0.016,True,
en_psychro_p1_0057.wav,en_psychro_p1,6.7,47.5,8e-05,0.0,-17.0,0.02,True,
en_psychro_p1_0058.wav,en_psychro_p1,8.7,26.4,0.0,-2.75,-19.4,0.008,True,
en_psychro_p1_0059.wav,en_psychro_p1,21.7,13.2,0.0,-0.05,-20.0,0.032,False,too_long(21.7s);low_snr(13.2dB)
en_psychro_p1_0060.wav,en_psychro_p1,14.2,30.4,0.0,-0.0,-20.6,0.028,True,
en_psychro_p1_0061.wav,en_psychro_p1,13.3,46.4,5e-05,0.0,-18.0,0.06,True,
en_psychro_p1_0062.wav,en_psychro_p1,7.3,40.5,0.0,-1.46,-19.8,0.072,True,
en_psychro_p1_0063.wav,en_psychro_p1,5.7,46.6,0.0,-1.81,-18.7,0.028,True,
en_psychro_p1_0064.wav,en_psychro_p1,5.6,21.5,0.0,-2.72,-19.7,0.093,False,low_snr(21.5dB)
en_psychro_p1_0065.wav,en_psychro_p1,12.5,45.6,0.0,-1.81,-21.4,0.003,True,
en_psychro_p1_0066.wav,en_psychro_p1,11.1,17.5,9e-05,-0.0,-17.3,0.112,False,low_snr(17.5dB)
en_psychro_p1_0067.wav,en_psychro_p1,10.2,5.7,0.0,-4.14,-21.9,0.092,False,low_snr(5.7dB)
en_psychro_p1_0068.wav,en_psychro_p1,9.3,41.9,2e-05,-0.0,-20.3,0.023,True,
en_psychro_p1_0069.wav,en_psychro_p1,10.2,42.0,0.0,-1.68,-23.6,0.029,True,
en_psychro_p1_0070.wav,en_psychro_p1,10.6,36.3,0.0003,0.0,-21.2,0.009,True,
en_psychro_p1_0071.wav,en_psychro_p1,15.37,30.1,0.0,-1.38,-20.9,0.021,True,
en_psychro_p1_0072.wav,en_psychro_p1,15.37,5.2,2e-05,-0.0,-19.9,0.086,False,low_snr(5.2dB)
en_psychro_p1_0073.wav,en_psychro_p1,15.37,25.3,0.0,-0.13,-19.8,0.03,True,
en_psychro_p1_0074.wav,en_psychro_p1,14.5,31.1,0.0,-0.05,-20.1,0.027,True,
en_psychro_p1_0075.wav,en_psychro_p1,14.5,34.7,2e-05,0.0,-19.1,0.056,True,
en_psychro_p1_0076.wav,en_psychro_p1,4.2,42.5,0.0,-1.85,-18.3,0.056,True,
en_psychro_p1_0077.wav,en_psychro_p1,6.3,19.4,1e-05,-0.0,-17.8,0.016,False,low_snr(19.4dB)
en_psychro_p1_0078.wav,en_psychro_p1,6.5,49.7,0.00011,0.0,-18.0,0.02,True,
en_psychro_p1_0079.wav,en_psychro_p1,13.9,37.9,0.00034,0.0,-18.3,0.049,True,
en_psychro_p1_0080.wav,en_psychro_p1,4.4,20.4,0.00104,0.0,-15.6,0.064,False,low_snr(20.4dB)
en_psychro_p1_0081.wav,en_psychro_p1,14.3,48.1,1e-05,0.0,-19.2,0.005,True,
en_psychro_p1_0082.wav,en_psychro_p1,9.2,43.0,4e-05,-0.0,-20.1,0.071,True,
en_psychro_p1_0083.wav,en_psychro_p1,8.3,30.7,0.00016,0.0,-17.0,0.092,True,
en_psychro_p1_0084.wav,en_psychro_p1,21.1,34.0,0.0001,0.0,-16.8,0.041,False,too_long(21.1s)
en_psychro_p1_0085.wav,en_psychro_p1,10.9,50.1,4e-05,0.0,-17.4,0.021,True,
en_psychro_p1_0086.wav,en_psychro_p1,6.8,32.6,0.00057,0.0,-15.5,0.126,True,
en_psychro_p1_0087.wav,en_psychro_p1,11.5,38.2,0.00014,-0.0,-17.1,0.075,True,
en_psychro_p1_0088.wav,en_psychro_p1,16.85,32.2,0.00032,0.0,-19.6,0.031,True,
en_psychro_p1_0089.wav,en_psychro_p1,16.85,43.0,0.00079,0.0,-17.2,0.045,True,
en_psychro_p1_0090.wav,en_psychro_p1,13.7,29.2,0.00039,0.0,-20.5,0.012,True,
en_psychro_p1_0091.wav,en_psychro_p1,4.4,28.1,0.0,-0.83,-22.6,0.015,True,
en_psychro_p1_0092.wav,en_psychro_p1,5.9,41.6,0.00061,0.0,-17.1,0.05,True,
en_psychro_p1_0093.wav,en_psychro_p1,7.7,44.6,1e-05,-0.0,-17.9,0.034,True,
en_psychro_p1_0094.wav,en_psychro_p1,8.0,43.8,4e-05,-0.0,-18.0,0.029,True,
en_psychro_p1_0095.wav,en_psychro_p1,6.1,35.1,0.0,-0.86,-18.5,0.143,True,
en_psychro_p1_0096.wav,en_psychro_p1,12.6,25.4,0.0,-2.95,-21.6,0.052,True,
en_psychro_p1_0097.wav,en_psychro_p1,5.4,42.0,1e-05,-0.0,-19.1,0.037,True,
en_psychro_p1_0098.wav,en_psychro_p1,8.6,49.2,0.00015,0.0,-18.6,0.033,True,
en_psychro_p1_0099.wav,en_psychro_p1,5.8,33.5,0.00138,0.0,-14.9,0.074,True,
en_psychro_p1_0100.wav,en_psychro_p1,8.6,47.4,6e-05,0.0,-18.5,0.008,True,
en_psychro_p1_0101.wav,en_psychro_p1,7.4,34.3,0.0,-1.39,-20.1,0.032,True,
en_psychro_p1_0102.wav,en_psychro_p1,8.3,33.3,0.0,-2.72,-21.3,0.029,True,
en_psychro_p1_0103.wav,en_psychro_p1,4.5,37.8,0.0,-0.67,-17.8,0.008,True,
en_psychro_p1_0104.wav,en_psychro_p1,4.4,8.4,0.0,-0.7,-17.0,0.048,False,low_snr(8.4dB)
en_psychro_p1_0105.wav,en_psychro_p1,6.2,15.9,9e-05,0.0,-18.0,0.025,False,low_snr(15.9dB)
en_psychro_p1_0106.wav,en_psychro_p1,13.5,35.9,5e-05,0.0,-20.1,0.007,True,
en_psychro_p1_0107.wav,en_psychro_p1,13.5,12.6,3e-05,-0.0,-19.6,0.113,False,low_snr(12.6dB)
en_psychro_p1_0108.wav,en_psychro_p1,4.6,10.9,0.0,-1.76,-18.6,0.021,False,low_snr(10.9dB)
en_psychro_p1_0109.wav,en_psychro_p1,13.4,37.1,0.00011,0.0,-16.6,0.053,True,
en_psychro_p1_0110.wav,en_psychro_p1,7.0,34.0,0.0,-0.1,-18.6,0.014,True,
en_psychro_p1_0111.wav,en_psychro_p1,6.9,48.3,0.0,-0.27,-18.3,0.01,True,
en_psychro_p1_0112.wav,en_psychro_p1,5.5,48.3,0.0,-3.37,-20.2,0.024,True,
en_psychro_p1_0113.wav,en_psychro_p1,5.2,37.9,0.0,-1.58,-19.7,0.091,True,
en_psychro_p1_0114.wav,en_psychro_p1,5.1,33.3,0.00071,0.0,-16.0,0.06,True,
en_psychro_p1_0115.wav,en_psychro_p1,10.0,43.5,2e-05,-0.0,-20.0,0.0,True,
en_psychro_p1_0116.wav,en_psychro_p1,9.1,43.6,0.0,-0.51,-21.1,0.014,True,
en_psychro_p1_0117.wav,en_psychro_p1,6.0,27.4,5e-05,-0.0,-19.0,0.068,True,
en_psychro_p1_0118.wav,en_psychro_p1,9.7,44.8,0.0,-0.01,-17.9,0.02,True,
en_psychro_p1_0119.wav,en_psychro_p1,9.1,42.8,1e-05,-0.0,-18.1,0.023,True,
en_psychro_p1_0120.wav,en_psychro_p1,4.2,38.6,0.0008,0.0,-16.8,0.041,True,
en_psychro_p1_0121.wav,en_psychro_p1,8.5,29.3,0.0,-2.51,-19.2,0.058,True,
en_psychro_p1_0122.wav,en_psychro_p1,14.1,49.5,2e-05,-0.0,-17.4,0.002,True,
en_psychro_p1_0123.wav,en_psychro_p1,9.1,42.2,0.0,-1.44,-18.4,0.019,True,
en_psychro_p1_0124.wav,en_psychro_p1,21.6,17.2,0.00114,0.0,-16.2,0.093,False,too_long(21.6s);low_snr(17.2dB)
en_psychro_p1_0125.wav,en_psychro_p1,8.6,14.5,0.00144,0.0,-16.1,0.097,False,low_snr(14.5dB)
en_psychro_p1_0126.wav,en_psychro_p1,6.9,23.1,6e-05,-0.0,-17.1,0.019,True,
en_psychro_p1_0127.wav,en_psychro_p1,11.7,12.1,5e-05,0.0,-17.2,0.058,False,low_snr(12.1dB)
en_psychro_p1_0128.wav,en_psychro_p1,6.8,24.0,0.00085,0.0,-15.2,0.091,True,
en_psychro_p1_0129.wav,en_psychro_p1,9.1,48.9,0.0,-1.07,-18.6,0.041,True,
en_psychro_p1_0130.wav,en_psychro_p1,7.0,41.6,4e-05,-0.0,-17.9,0.065,True,
en_psychro_p1_0131.wav,en_psychro_p1,17.1,26.3,4e-05,0.0,-18.6,0.031,True,
en_psychro_p1_0132.wav,en_psychro_p1,16.4,24.1,0.0,-0.0,-21.1,0.024,True,
en_psychro_p2_0001.wav,en_psychro_p2,8.5,45.9,2e-05,0.0,-19.1,0.015,True,
en_psychro_p2_0002.wav,en_psychro_p2,13.2,41.0,7e-05,0.0,-20.3,0.059,True,
en_psychro_p2_0003.wav,en_psychro_p2,7.5,33.5,0.00034,0.0,-17.9,0.082,True,
en_psychro_p2_0004.wav,en_psychro_p2,4.6,39.0,0.0,-3.52,-22.6,0.064,True,
en_psychro_p2_0005.wav,en_psychro_p2,6.2,38.3,0.0,-2.1,-24.8,0.079,True,
en_psychro_p2_0006.wav,en_psychro_p2,7.0,39.4,0.0,-3.26,-21.0,0.029,True,
en_psychro_p2_0007.wav,en_psychro_p2,8.4,36.0,1e-05,-0.0,-20.1,0.05,True,
en_psychro_p2_0008.wav,en_psychro_p2,9.3,41.7,1e-05,-0.0,-19.7,0.035,True,
en_psychro_p2_0009.wav,en_psychro_p2,16.9,41.3,0.0,-0.98,-20.8,0.023,True,
en_psychro_p2_0010.wav,en_psychro_p2,4.0,50.5,0.0,-1.43,-16.5,0.008,True,
en_psychro_p2_0011.wav,en_psychro_p2,9.8,41.5,0.0,-1.76,-20.9,0.024,True,
en_psychro_p2_0012.wav,en_psychro_p2,4.9,42.2,0.0,-6.3,-25.0,0.027,True,
en_psychro_p2_0013.wav,en_psychro_p2,5.6,13.1,0.0,-7.94,-26.0,0.012,False,low_snr(13.1dB)
en_psychro_p2_0014.wav,en_psychro_p2,4.2,7.0,0.0,-13.63,-30.2,0.041,False,low_snr(7.0dB)
en_psychro_p2_0015.wav,en_psychro_p2,4.4,35.7,0.0,-2.55,-21.0,0.034,True,
en_psychro_p2_0016.wav,en_psychro_p2,4.8,17.8,0.0,-8.07,-27.6,0.035,False,low_snr(17.8dB)
en_psychro_p2_0017.wav,en_psychro_p2,6.6,44.1,0.0,-1.4,-22.5,0.015,True,
en_psychro_p2_0018.wav,en_psychro_p2,8.9,30.7,8e-05,0.0,-19.4,0.045,True,
en_psychro_p2_0019.wav,en_psychro_p2,15.53,40.6,2e-05,-0.0,-20.6,0.037,True,
en_psychro_p2_0020.wav,en_psychro_p2,15.53,5.6,0.0,-2.57,-23.1,0.025,False,low_snr(5.6dB)
en_psychro_p2_0021.wav,en_psychro_p2,15.53,32.3,0.0,-1.29,-20.7,0.029,True,
en_psychro_p2_0022.wav,en_psychro_p2,5.3,2.7,0.0,-2.06,-23.5,0.103,False,low_snr(2.7dB)
en_psychro_p2_0023.wav,en_psychro_p2,17.1,41.9,1e-05,-0.0,-19.9,0.031,True,
en_psychro_p2_0024.wav,en_psychro_p2,7.1,31.2,0.0,-2.28,-18.7,0.014,True,
en_psychro_p2_0025.wav,en_psychro_p2,7.8,45.2,2e-05,-0.0,-19.6,0.05,True,
en_psychro_p2_0026.wav,en_psychro_p2,18.3,20.8,0.0,-1.72,-21.1,0.009,False,too_long(18.3s);low_snr(20.8dB)
en_psychro_p2_0027.wav,en_psychro_p2,5.3,28.7,0.0,-1.8,-19.1,0.012,True,
en_psychro_p2_0028.wav,en_psychro_p2,14.9,10.1,0.0,-0.7,-21.5,0.065,False,low_snr(10.1dB)
en_psychro_p2_0029.wav,en_psychro_p2,6.3,39.5,0.0,-2.94,-20.9,0.005,True,
en_psychro_p2_0030.wav,en_psychro_p2,8.8,37.6,2e-05,-0.0,-20.3,0.015,True,
en_psychro_p2_0031.wav,en_psychro_p2,6.5,43.1,0.0,-0.27,-21.4,0.031,True,
en_psychro_p2_0032.wav,en_psychro_p2,13.9,33.9,7e-05,0.0,-18.8,0.005,True,
en_psychro_p2_0033.wav,en_psychro_p2,8.9,49.6,0.0004,0.0,-18.2,0.022,True,
en_psychro_p2_0034.wav,en_psychro_p2,7.2,21.8,0.00027,0.0,-19.8,0.126,False,low_snr(21.8dB)
en_psychro_p2_0035.wav,en_psychro_p2,13.3,31.4,0.0,-1.5,-19.6,0.007,True,
en_psychro_p2_0036.wav,en_psychro_p2,11.2,36.9,0.0,-0.18,-20.4,0.093,True,
en_psychro_p2_0037.wav,en_psychro_p2,5.7,45.4,0.00026,0.0,-18.2,0.006,True,
en_psychro_p2_0038.wav,en_psychro_p2,4.5,8.4,0.0,-4.65,-23.1,0.099,False,low_snr(8.4dB)
en_psychro_p2_0039.wav,en_psychro_p2,10.5,9.5,0.0,-0.08,-20.7,0.074,False,low_snr(9.5dB)
en_psychro_p2_0040.wav,en_psychro_p2,5.9,50.8,0.0,-0.22,-16.2,0.022,True,
en_psychro_p2_0041.wav,en_psychro_p2,4.2,41.8,0.0,-5.4,-25.3,0.041,True,
en_psychro_p2_0042.wav,en_psychro_p2,5.6,32.4,0.0,-1.34,-17.7,0.012,True,
en_psychro_p2_0043.wav,en_psychro_p2,5.1,26.1,0.0,-2.23,-21.1,0.022,True,
en_psychro_p2_0044.wav,en_psychro_p2,4.9,13.2,0.0,-0.25,-18.4,0.073,False,low_snr(13.2dB)
en_psychro_p2_0045.wav,en_psychro_p2,9.2,41.2,0.0,-3.09,-22.1,0.0,True,
en_psychro_p2_0046.wav,en_psychro_p2,9.8,35.7,0.0,-0.03,-19.5,0.007,True,
en_psychro_p2_0047.wav,en_psychro_p2,4.2,34.9,0.0,-0.84,-18.9,0.033,True,
en_psychro_p2_0048.wav,en_psychro_p2,5.7,36.7,1e-05,-0.0,-21.1,0.08,True,
en_psychro_p2_0049.wav,en_psychro_p2,10.7,38.4,5e-05,0.0,-18.9,0.074,True,
en_psychro_p2_0050.wav,en_psychro_p2,10.9,16.8,0.00021,0.0,-17.7,0.091,False,low_snr(16.8dB)
en_psychro_p2_0051.wav,en_psychro_p2,6.0,45.4,6e-05,0.0,-17.6,0.084,True,
en_psychro_p2_0052.wav,en_psychro_p2,18.0,34.9,0.00023,0.0,-18.7,0.046,True,
en_psychro_p2_0053.wav,en_psychro_p2,4.4,31.9,0.0,-0.01,-17.6,0.03,True,
en_psychro_p2_0054.wav,en_psychro_p2,4.5,47.5,0.0,-1.44,-19.8,0.041,True,
en_psychro_p2_0055.wav,en_psychro_p2,4.3,45.1,0.0,-0.77,-18.5,0.056,True,
en_psychro_p2_0056.wav,en_psychro_p2,6.2,39.5,9e-05,0.0,-20.3,0.021,True,
en_psychro_p2_0057.wav,en_psychro_p2,6.3,46.8,0.0,-0.38,-17.0,0.016,True,
en_psychro_p2_0058.wav,en_psychro_p2,6.6,40.9,0.0,-2.97,-21.8,0.115,True,
en_psychro_p2_0059.wav,en_psychro_p2,10.1,39.9,0.00015,0.0,-16.4,0.023,True,
en_psychro_p2_0060.wav,en_psychro_p2,4.1,37.7,0.00021,-0.0,-15.9,0.089,True,
en_psychro_p2_0061.wav,en_psychro_p2,9.8,12.5,0.0,-0.24,-20.2,0.033,False,low_snr(12.5dB)
en_psychro_p2_0062.wav,en_psychro_p2,7.6,36.9,4e-05,-0.0,-16.8,0.013,True,
en_psychro_p2_0063.wav,en_psychro_p2,6.7,41.9,0.0,-0.75,-20.7,0.058,True,
en_psychro_p2_0064.wav,en_psychro_p2,12.4,37.4,0.0,-2.76,-24.8,0.024,True,
en_psychro_p2_0065.wav,en_psychro_p2,5.6,28.9,0.0,-4.15,-21.0,0.035,True,
en_psychro_p2_0066.wav,en_psychro_p2,10.0,44.9,0.00013,0.0,-18.0,0.015,True,
en_psychro_p2_0067.wav,en_psychro_p2,13.0,24.1,0.00027,0.0,-18.6,0.01,True,
en_psychro_p2_0068.wav,en_psychro_p2,6.0,26.5,0.0,-2.4,-20.2,0.03,True,
en_psychro_p2_0069.wav,en_psychro_p2,6.0,37.0,4e-05,-0.0,-19.1,0.111,True,
en_psychro_p2_0070.wav,en_psychro_p2,7.9,41.6,0.0,-2.62,-21.6,0.041,True,
en_psychro_p2_0071.wav,en_psychro_p2,9.5,16.7,0.0,-3.54,-22.8,0.031,False,low_snr(16.7dB)
en_psychro_p2_0072.wav,en_psychro_p2,21.9,29.2,6e-05,0.0,-18.5,0.013,False,too_long(21.9s)
en_psychro_p2_0073.wav,en_psychro_p2,5.6,41.5,0.0,-8.92,-26.2,0.094,True,
en_psychro_p2_0074.wav,en_psychro_p2,11.6,41.2,0.0,-0.85,-21.6,0.018,True,
en_psychro_p2_0075.wav,en_psychro_p2,11.4,19.2,0.0,-0.01,-19.4,0.009,False,low_snr(19.2dB)
en_psychro_p2_0076.wav,en_psychro_p2,4.9,30.7,0.0,-1.07,-17.9,0.04,True,
en_psychro_p2_0077.wav,en_psychro_p2,6.7,30.5,0.0,-2.06,-20.9,0.026,True,
en_psychro_p2_0078.wav,en_psychro_p2,7.4,39.9,0.0,-2.9,-20.2,0.031,True,
en_psychro_p2_0079.wav,en_psychro_p2,4.1,45.8,0.0011,0.0,-18.0,0.049,True,
en_psychro_p2_0080.wav,en_psychro_p2,15.6,14.6,2e-05,-0.0,-22.2,0.065,False,low_snr(14.6dB)
en_psychro_p2_0081.wav,en_psychro_p2,13.4,47.7,1e-05,0.0,-18.3,0.027,True,
en_psychro_p2_0082.wav,en_psychro_p2,8.0,47.7,0.0,-0.78,-20.0,0.024,True,
en_psychro_p2_0083.wav,en_psychro_p2,5.2,32.1,0.0,-2.57,-19.0,0.013,True,
hi_sadhguru_decision_0001.wav,hi_sadhguru_decision,4.0,41.2,0.0,-8.96,-25.8,0.178,True,
hi_sadhguru_decision_0002.wav,hi_sadhguru_decision,5.6,42.1,0.0,-8.68,-23.2,0.046,True,
hi_sadhguru_decision_0003.wav,hi_sadhguru_decision,4.3,49.5,0.0,-8.91,-24.1,0.048,True,
hi_sadhguru_decision_0004.wav,hi_sadhguru_decision,5.0,44.2,0.0,-8.72,-23.3,0.067,True,
hi_sadhguru_decision_0005.wav,hi_sadhguru_decision,6.0,28.9,0.0,-8.77,-22.5,0.044,True,
hi_sadhguru_decision_0006.wav,hi_sadhguru_decision,4.1,19.7,0.0,-8.03,-27.5,0.065,False,low_snr(19.7dB)
hi_sadhguru_decision_0007.wav,hi_sadhguru_decision,4.6,18.1,5e-05,0.0,-19.8,0.097,False,low_snr(18.1dB)
hi_sadhguru_decision_0008.wav,hi_sadhguru_decision,4.6,42.9,0.0,-8.86,-24.4,0.104,True,
hi_sadhguru_decision_0009.wav,hi_sadhguru_decision,4.1,19.6,0.0,-8.71,-23.2,0.057,False,low_snr(19.6dB)
hi_sadhguru_decision_0010.wav,hi_sadhguru_decision,4.3,35.2,0.0,-8.8,-22.8,0.048,True,
hi_sadhguru_decision_0011.wav,hi_sadhguru_decision,4.7,41.3,0.0,-8.78,-23.4,0.117,True,
hi_sadhguru_decision_0012.wav,hi_sadhguru_decision,4.0,39.2,0.0,-8.89,-23.2,0.049,True,
hi_sadhguru_decision_0013.wav,hi_sadhguru_decision,6.2,41.4,0.0,-8.76,-23.7,0.041,True,
hi_sadhguru_emptiness_0001.wav,hi_sadhguru_emptiness,4.1,14.6,0.0,-3.43,-19.5,0.111,False,low_snr(14.6dB)
hi_sadhguru_emptiness_0002.wav,hi_sadhguru_emptiness,4.2,43.4,0.0,-3.48,-18.1,0.103,True,
hi_sadhguru_emptiness_0003.wav,hi_sadhguru_emptiness,7.4,41.6,0.0,-3.3,-17.8,0.102,True,
hi_sadhguru_emptiness_0004.wav,hi_sadhguru_emptiness,6.3,45.6,0.0,-3.41,-17.8,0.098,True,
hi_sadhguru_emptiness_0005.wav,hi_sadhguru_emptiness,4.5,43.3,0.0,-3.44,-18.0,0.088,True,
hi_sadhguru_emptiness_0006.wav,hi_sadhguru_emptiness,5.7,44.0,0.0,-3.42,-17.3,0.145,True,
hi_sadhguru_emptiness_0007.wav,hi_sadhguru_emptiness,5.5,36.8,0.0,-3.54,-17.7,0.09,True,
hi_sadhguru_emptiness_0008.wav,hi_sadhguru_emptiness,5.9,46.9,0.0,-3.35,-17.3,0.08,True,
hi_sadhguru_emptiness_0009.wav,hi_sadhguru_emptiness,4.6,20.3,0.0,-3.33,-18.5,0.127,False,low_snr(20.3dB)
hi_sadhguru_emptiness_0010.wav,hi_sadhguru_emptiness,4.5,29.0,0.0,-3.39,-18.1,0.114,True,
hi_sadhguru_emptiness_0011.wav,hi_sadhguru_emptiness,7.0,26.4,0.0,-3.29,-18.3,0.112,True,
hi_sadhguru_emptiness_0012.wav,hi_sadhguru_emptiness,4.4,42.9,0.0,-3.4,-17.7,0.162,True,
hi_sadhguru_emptiness_0013.wav,hi_sadhguru_emptiness,8.1,44.6,0.0,-3.16,-18.2,0.106,True,
hi_sadhguru_emptiness_0014.wav,hi_sadhguru_emptiness,6.7,39.8,0.0,-3.37,-18.3,0.1,True,
hi_sadhguru_emptiness_0015.wav,hi_sadhguru_emptiness,4.6,22.8,0.0,-3.38,-19.1,0.216,True,
hi_sadhguru_emptiness_0016.wav,hi_sadhguru_emptiness,5.6,5.1,0.0,-3.42,-18.7,0.098,False,low_snr(5.1dB)
hi_sadhguru_emptiness_0017.wav,hi_sadhguru_emptiness,8.2,30.3,0.0,-3.33,-18.7,0.021,True,
hi_sadhguru_emptiness_0018.wav,hi_sadhguru_emptiness,4.2,45.9,0.0,-3.39,-17.6,0.049,True,
hi_sadhguru_emptiness_0019.wav,hi_sadhguru_emptiness,4.2,27.3,0.0,-3.4,-17.8,0.164,True,
hi_sadhguru_inner_mgmt_0001.wav,hi_sadhguru_inner_mgmt,6.4,30.8,0.0,-4.37,-18.3,0.015,True,
hi_sadhguru_inner_mgmt_0002.wav,hi_sadhguru_inner_mgmt,5.7,29.3,0.0,-3.29,-17.4,0.023,True,
hi_sadhguru_inner_mgmt_0003.wav,hi_sadhguru_inner_mgmt,4.2,34.9,0.0,-3.7,-16.8,0.04,True,
hi_sadhguru_inner_mgmt_0004.wav,hi_sadhguru_inner_mgmt,4.5,32.9,0.0,-4.32,-17.8,0.022,True,
hi_sadhguru_inner_mgmt_0005.wav,hi_sadhguru_inner_mgmt,5.4,26.3,0.0,-3.79,-17.6,0.047,True,
hi_sadhguru_inner_mgmt_0006.wav,hi_sadhguru_inner_mgmt,8.0,31.0,0.0,-3.76,-17.6,0.062,True,
hi_sadhguru_inner_mgmt_0007.wav,hi_sadhguru_inner_mgmt,4.6,31.9,0.0,-3.95,-18.3,0.071,True,
hi_sadhguru_inner_mgmt_0008.wav,hi_sadhguru_inner_mgmt,9.2,33.0,0.0,-3.7,-18.1,0.028,True,
hi_sadhguru_inner_mgmt_0009.wav,hi_sadhguru_inner_mgmt,8.0,38.9,0.0,-3.13,-18.6,0.045,True,
hi_sadhguru_inner_mgmt_0010.wav,hi_sadhguru_inner_mgmt,4.7,37.4,0.0,-3.82,-17.7,0.069,True,
hi_sadhguru_inner_mgmt_0011.wav,hi_sadhguru_inner_mgmt,6.6,27.3,0.0,-4.31,-17.9,0.025,True,
hi_sadhguru_inner_mgmt_0012.wav,hi_sadhguru_inner_mgmt,9.6,29.8,0.0,-3.56,-18.2,0.092,True,
hi_sadhguru_inner_mgmt_0013.wav,hi_sadhguru_inner_mgmt,4.6,27.6,0.0,-4.0,-18.2,0.077,True,
hi_sadhguru_inner_mgmt_0014.wav,hi_sadhguru_inner_mgmt,9.0,35.0,0.0,-3.97,-17.9,0.023,True,
hi_sadhguru_inner_mgmt_0015.wav,hi_sadhguru_inner_mgmt,5.8,36.9,0.0,-4.25,-17.6,0.041,True,
hi_sadhguru_inner_mgmt_0016.wav,hi_sadhguru_inner_mgmt,5.5,30.9,0.0,-4.03,-17.6,0.029,True,
hi_sadhguru_inner_mgmt_0017.wav,hi_sadhguru_inner_mgmt,4.4,35.1,0.0,-4.33,-17.8,0.022,True,
hi_sadhguru_inner_mgmt_0018.wav,hi_sadhguru_inner_mgmt,9.9,31.0,0.0,-3.59,-17.9,0.087,True,
hi_sadhguru_inner_mgmt_0019.wav,hi_sadhguru_inner_mgmt,6.2,32.0,0.0,-3.87,-17.5,0.042,True,
hi_sadhguru_inner_mgmt_0020.wav,hi_sadhguru_inner_mgmt,4.6,27.8,0.0,-4.3,-18.4,0.083,True,
hi_sadhguru_inner_mgmt_0021.wav,hi_sadhguru_inner_mgmt,6.9,32.0,0.0,-3.65,-17.9,0.047,True,
hi_sadhguru_inner_mgmt_0022.wav,hi_sadhguru_inner_mgmt,5.1,40.8,0.0,-3.47,-18.0,0.098,True,
hi_sadhguru_inner_mgmt_0023.wav,hi_sadhguru_inner_mgmt,9.7,34.8,0.0,-3.33,-18.0,0.024,True,
hi_sadhguru_inner_mgmt_0024.wav,hi_sadhguru_inner_mgmt,7.9,37.6,0.0,-3.68,-17.0,0.057,True,
hi_sadhguru_inner_mgmt_0025.wav,hi_sadhguru_inner_mgmt,5.2,41.6,0.0,-3.7,-17.5,0.013,True,
hi_sadhguru_inner_mgmt_0026.wav,hi_sadhguru_inner_mgmt,12.3,36.5,0.0,-3.25,-17.4,0.02,True,
hi_sadhguru_inner_mgmt_0027.wav,hi_sadhguru_inner_mgmt,4.6,29.5,0.0,-4.02,-18.3,0.077,True,
hi_sadhguru_inner_mgmt_0028.wav,hi_sadhguru_inner_mgmt,4.9,38.6,0.0,-3.42,-17.5,0.041,True,
hi_sadhguru_inner_mgmt_0029.wav,hi_sadhguru_inner_mgmt,4.4,29.0,0.0,-3.95,-18.0,0.093,True,
hi_sadhguru_inner_mgmt_0030.wav,hi_sadhguru_inner_mgmt,4.9,28.2,0.0,-3.94,-18.2,0.047,True,
hi_sadhguru_inner_mgmt_0031.wav,hi_sadhguru_inner_mgmt,6.6,30.7,0.0,-4.02,-18.2,0.066,True,
hi_sadhguru_inner_mgmt_0032.wav,hi_sadhguru_inner_mgmt,4.7,31.0,0.0,-3.67,-17.6,0.077,True,
hi_sadhguru_inner_mgmt_0033.wav,hi_sadhguru_inner_mgmt,6.0,32.7,0.0,-3.63,-18.0,0.05,True,
hi_sadhguru_inner_mgmt_0034.wav,hi_sadhguru_inner_mgmt,4.2,33.0,0.0,-3.7,-17.2,0.056,True,
hi_sadhguru_inner_mgmt_0035.wav,hi_sadhguru_inner_mgmt,5.0,22.1,0.0,-3.43,-17.9,0.106,True,
hi_sadhguru_inner_mgmt_0036.wav,hi_sadhguru_inner_mgmt,7.0,26.4,0.0,-3.86,-17.7,0.144,True,
hi_sadhguru_inner_mgmt_0037.wav,hi_sadhguru_inner_mgmt,5.6,39.8,0.0,-3.43,-18.0,0.035,True,
hi_sadhguru_inner_mgmt_0038.wav,hi_sadhguru_inner_mgmt,5.4,29.3,0.0,-4.16,-17.3,0.131,True,
hi_sadhguru_inner_mgmt_0039.wav,hi_sadhguru_inner_mgmt,4.7,29.3,0.0,-4.39,-17.9,0.054,True,
hi_sadhguru_inner_mgmt_0040.wav,hi_sadhguru_inner_mgmt,5.2,29.8,0.0,-3.69,-17.8,0.07,True,
hi_sadhguru_inner_mgmt_0041.wav,hi_sadhguru_inner_mgmt,4.7,31.6,0.0,-4.06,-17.5,0.014,True,
hi_sadhguru_inner_mgmt_0042.wav,hi_sadhguru_inner_mgmt,4.3,33.0,0.0,-3.93,-18.2,0.041,True,
hi_sadhguru_inner_mgmt_0043.wav,hi_sadhguru_inner_mgmt,4.8,34.9,0.0,-3.77,-18.6,0.027,True,
hi_sadhguru_inner_mgmt_0044.wav,hi_sadhguru_inner_mgmt,4.9,34.5,0.0,-3.43,-18.0,0.074,True,
hi_sadhguru_inner_mgmt_0045.wav,hi_sadhguru_inner_mgmt,6.6,33.3,0.0,-4.11,-17.7,0.154,True,
hi_sadhguru_inner_mgmt_0046.wav,hi_sadhguru_inner_mgmt,4.5,33.4,0.0,-4.37,-19.0,0.084,True,
hi_sadhguru_inner_mgmt_0047.wav,hi_sadhguru_inner_mgmt,8.4,32.9,0.0,-4.06,-17.6,0.076,True,
hi_sadhguru_inner_mgmt_0048.wav,hi_sadhguru_inner_mgmt,4.1,35.8,0.0,-3.7,-18.2,0.016,True,
hi_sadhguru_inner_mgmt_0049.wav,hi_sadhguru_inner_mgmt,4.2,30.5,0.0,-4.29,-18.2,0.093,True,
hi_sadhguru_inner_mgmt_0050.wav,hi_sadhguru_inner_mgmt,4.5,28.4,0.0,-4.48,-18.5,0.065,True,
hi_sadhguru_inner_mgmt_0051.wav,hi_sadhguru_inner_mgmt,4.5,20.7,0.0,-4.16,-19.0,0.127,False,low_snr(20.7dB)
hi_sadhguru_inner_mgmt_0052.wav,hi_sadhguru_inner_mgmt,5.4,32.1,0.0,-3.88,-18.7,0.053,True,
hi_sadhguru_inner_mgmt_0053.wav,hi_sadhguru_inner_mgmt,4.6,26.2,0.0,-4.35,-18.2,0.043,True,
hi_sadhguru_inner_mgmt_0054.wav,hi_sadhguru_inner_mgmt,4.2,35.4,0.0,-3.84,-17.7,0.049,True,
hi_sadhguru_inner_mgmt_0055.wav,hi_sadhguru_inner_mgmt,12.15,26.3,0.0,-3.61,-17.9,0.037,True,
hi_sadhguru_inner_mgmt_0056.wav,hi_sadhguru_inner_mgmt,12.15,33.5,0.0,-3.38,-18.5,0.026,True,
hi_sadhguru_inner_mgmt_0057.wav,hi_sadhguru_inner_mgmt,7.4,28.4,0.0,-3.69,-18.4,0.067,True,
hi_sadhguru_inner_mgmt_0058.wav,hi_sadhguru_inner_mgmt,6.4,7.2,0.0,-3.17,-17.8,0.131,False,low_snr(7.2dB)
hi_sadhguru_inner_mgmt_0059.wav,hi_sadhguru_inner_mgmt,4.5,42.0,0.0,-3.9,-17.6,0.029,True,
hi_sadhguru_inner_mgmt_0060.wav,hi_sadhguru_inner_mgmt,9.7,30.7,0.0,-3.62,-17.9,0.038,True,
hi_sadhguru_inner_mgmt_0061.wav,hi_sadhguru_inner_mgmt,9.7,33.9,0.0,-3.33,-17.6,0.084,True,
hi_sadhguru_inner_mgmt_0062.wav,hi_sadhguru_inner_mgmt,10.4,30.1,0.0,-3.96,-18.3,0.088,True,
hi_sadhguru_inner_mgmt_0063.wav,hi_sadhguru_inner_mgmt,4.0,35.8,0.0,-4.31,-18.1,0.082,True,
hi_sadhguru_inner_mgmt_0064.wav,hi_sadhguru_inner_mgmt,8.8,32.0,0.0,-3.78,-18.0,0.052,True,
hi_sadhguru_inner_mgmt_0065.wav,hi_sadhguru_inner_mgmt,11.5,39.2,0.0,-3.41,-18.7,0.047,True,
hi_sadhguru_inner_mgmt_0066.wav,hi_sadhguru_inner_mgmt,12.4,20.1,0.0,-3.56,-18.2,0.025,False,low_snr(20.1dB)
hi_sadhguru_inner_mgmt_0067.wav,hi_sadhguru_inner_mgmt,5.4,36.1,0.0,-4.07,-18.3,0.084,True,
hi_sadhguru_inner_mgmt_0068.wav,hi_sadhguru_inner_mgmt,11.5,31.5,0.0,-3.59,-18.6,0.031,True,
hi_sadhguru_inner_mgmt_0069.wav,hi_sadhguru_inner_mgmt,4.1,40.4,0.0,-4.18,-17.9,0.032,True,
hi_sadhguru_inner_mgmt_0070.wav,hi_sadhguru_inner_mgmt,5.5,37.7,0.0,-3.75,-18.2,0.029,True,
hi_sadhguru_inner_mgmt_0071.wav,hi_sadhguru_inner_mgmt,11.8,34.7,0.0,-3.52,-17.8,0.016,True,
hi_sadhguru_inner_mgmt_0072.wav,hi_sadhguru_inner_mgmt,5.6,33.1,0.0,-3.7,-17.8,0.006,True,
hi_sadhguru_inner_mgmt_0073.wav,hi_sadhguru_inner_mgmt,5.0,29.4,0.0,-3.88,-17.4,0.041,True,
hi_sadhguru_inner_mgmt_0074.wav,hi_sadhguru_inner_mgmt,6.0,32.5,0.0,-4.18,-16.8,0.027,True,
hi_sadhguru_inner_mgmt_0075.wav,hi_sadhguru_inner_mgmt,4.6,36.9,0.0,-3.78,-19.4,0.028,True,
hi_sadhguru_inner_mgmt_0076.wav,hi_sadhguru_inner_mgmt,11.0,32.8,0.0,-3.74,-17.8,0.023,True,
hi_sadhguru_inner_mgmt_0077.wav,hi_sadhguru_inner_mgmt,5.5,34.2,0.0,-4.02,-18.9,0.059,True,
hi_sadhguru_inner_mgmt_0078.wav,hi_sadhguru_inner_mgmt,6.0,22.7,0.0,-4.2,-17.9,0.044,True,
hi_sadhguru_inner_mgmt_0079.wav,hi_sadhguru_inner_mgmt,6.4,26.8,0.0,-4.12,-17.7,0.051,True,
hi_sadhguru_inner_mgmt_0080.wav,hi_sadhguru_inner_mgmt,8.7,32.4,0.0,-4.22,-17.5,0.07,True,
hi_sadhguru_inner_mgmt_0081.wav,hi_sadhguru_inner_mgmt,11.6,32.1,0.0,-3.7,-17.7,0.021,True,
hi_sadhguru_inner_mgmt_0082.wav,hi_sadhguru_inner_mgmt,6.8,34.2,0.0,-4.27,-18.7,0.057,True,
hi_sadhguru_inner_mgmt_0083.wav,hi_sadhguru_inner_mgmt,5.6,40.8,0.0,-4.06,-17.3,0.023,True,
hi_sadhguru_inner_mgmt_0084.wav,hi_sadhguru_inner_mgmt,6.5,37.5,0.0,-4.19,-17.9,0.08,True,
hi_sadhguru_inner_mgmt_0085.wav,hi_sadhguru_inner_mgmt,4.8,31.1,0.0,-3.89,-17.8,0.115,True,
hi_sadhguru_inner_mgmt_0086.wav,hi_sadhguru_inner_mgmt,10.9,42.1,0.0,-4.05,-17.2,0.027,True,
hi_sadhguru_inner_mgmt_0087.wav,hi_sadhguru_inner_mgmt,5.8,29.2,0.0,-4.35,-18.0,0.074,True,
hi_sadhguru_inner_mgmt_0088.wav,hi_sadhguru_inner_mgmt,4.2,32.3,0.0,-3.69,-18.9,0.056,True,
hi_sadhguru_inner_mgmt_0089.wav,hi_sadhguru_inner_mgmt,12.3,37.9,0.0,-3.65,-17.8,0.008,True,
hi_sadhguru_inner_mgmt_0090.wav,hi_sadhguru_inner_mgmt,4.3,29.8,0.0,-3.62,-18.0,0.124,True,
hi_sadhguru_inner_mgmt_0091.wav,hi_sadhguru_inner_mgmt,7.1,34.5,0.0,-3.55,-18.2,0.064,True,
hi_sadhguru_inner_mgmt_0092.wav,hi_sadhguru_inner_mgmt,6.1,35.0,0.0,-4.47,-18.1,0.016,True,
hi_sadhguru_inner_mgmt_0093.wav,hi_sadhguru_inner_mgmt,5.3,25.8,0.0,-3.76,-18.6,0.206,True,
hi_sadhguru_inner_mgmt_0094.wav,hi_sadhguru_inner_mgmt,4.6,32.1,0.0,-3.37,-18.2,0.071,True,
hi_sadhguru_inner_mgmt_0095.wav,hi_sadhguru_inner_mgmt,4.2,29.0,0.0,-4.16,-18.0,0.041,True,
hi_sadhguru_inner_mgmt_0096.wav,hi_sadhguru_inner_mgmt,5.3,28.5,0.0,-4.13,-17.9,0.018,True,
hi_sadhguru_inner_mgmt_0097.wav,hi_sadhguru_inner_mgmt,4.0,33.2,0.0,-3.56,-17.8,0.074,True,
hi_sadhguru_inner_mgmt_0098.wav,hi_sadhguru_inner_mgmt,6.6,36.4,0.0,-4.16,-17.8,0.085,True,
hi_sadhguru_inner_mgmt_0099.wav,hi_sadhguru_inner_mgmt,4.8,27.8,0.0,-4.31,-18.4,0.074,True,
hi_sadhguru_inner_mgmt_0100.wav,hi_sadhguru_inner_mgmt,7.9,20.1,0.0,-2.08,-18.7,0.032,False,low_snr(20.1dB)
hi_sadhguru_inner_mgmt_0101.wav,hi_sadhguru_inner_mgmt,16.9,23.5,0.0,-3.71,-19.2,0.033,True,
hi_sadhguru_inner_mgmt_0102.wav,hi_sadhguru_inner_mgmt,7.0,29.4,0.0,-3.8,-16.9,0.042,True,
hi_sadhguru_inner_mgmt_0103.wav,hi_sadhguru_inner_mgmt,6.8,32.5,0.0,-3.51,-17.5,0.031,True,
hi_sadhguru_inner_mgmt_0104.wav,hi_sadhguru_inner_mgmt,4.3,18.6,0.0,-4.09,-17.9,0.116,False,low_snr(18.6dB)
hi_sadhguru_inner_mgmt_0105.wav,hi_sadhguru_inner_mgmt,5.2,37.8,0.0,-4.19,-17.7,0.041,True,
hi_sadhguru_inner_mgmt_0106.wav,hi_sadhguru_inner_mgmt,6.9,13.3,0.0,-3.58,-17.6,0.111,False,low_snr(13.3dB)
hi_sadhguru_inner_mgmt_0107.wav,hi_sadhguru_inner_mgmt,5.8,27.7,0.0,-4.11,-18.4,0.051,True,
hi_sadhguru_inner_mgmt_0108.wav,hi_sadhguru_inner_mgmt,6.8,37.8,0.0,-3.45,-18.4,0.019,True,
hi_sadhguru_inner_mgmt_0109.wav,hi_sadhguru_inner_mgmt,5.2,34.6,0.0,-4.09,-17.8,0.066,True,
hi_sadhguru_inner_mgmt_0110.wav,hi_sadhguru_inner_mgmt,5.3,32.5,0.0,-4.02,-18.5,0.085,True,
hi_sadhguru_inner_mgmt_0111.wav,hi_sadhguru_inner_mgmt,11.6,28.5,0.0,-3.43,-18.6,0.037,True,
hi_sadhguru_inner_mgmt_0112.wav,hi_sadhguru_inner_mgmt,6.5,35.8,0.0,-4.1,-17.3,0.041,True,
hi_sadhguru_inner_mgmt_0113.wav,hi_sadhguru_inner_mgmt,4.7,34.7,0.0,-4.18,-17.9,0.13,True,
hi_sadhguru_inner_mgmt_0114.wav,hi_sadhguru_inner_mgmt,10.6,35.0,0.0,-3.73,-17.4,0.032,True,
hi_sadhguru_inner_mgmt_0115.wav,hi_sadhguru_inner_mgmt,5.9,18.1,0.0,-4.23,-17.5,0.072,False,low_snr(18.1dB)
hi_sadhguru_inner_mgmt_0116.wav,hi_sadhguru_inner_mgmt,7.6,20.7,0.0,-3.46,-17.2,0.03,False,low_snr(20.7dB)
hi_sadhguru_inner_mgmt_0117.wav,hi_sadhguru_inner_mgmt,8.1,31.5,0.0,-4.2,-17.8,0.108,True,
hi_sadhguru_inner_mgmt_0118.wav,hi_sadhguru_inner_mgmt,9.1,33.2,0.0,-4.05,-17.3,0.007,True,
hi_sadhguru_inner_mgmt_0119.wav,hi_sadhguru_inner_mgmt,8.8,36.4,0.0,-4.36,-17.3,0.063,True,
hi_sadhguru_inner_mgmt_0120.wav,hi_sadhguru_inner_mgmt,11.9,35.8,0.0,-3.62,-17.6,0.022,True,
hi_sadhguru_inner_mgmt_0121.wav,hi_sadhguru_inner_mgmt,5.3,33.5,0.0,-3.63,-17.7,0.012,True,
hi_sadhguru_inner_mgmt_0122.wav,hi_sadhguru_inner_mgmt,12.5,28.5,0.0,-3.83,-17.8,0.046,True,
hi_sadhguru_inner_mgmt_0123.wav,hi_sadhguru_inner_mgmt,6.7,31.7,0.0,-3.95,-17.3,0.031,True,
hi_sadhguru_inner_mgmt_0124.wav,hi_sadhguru_inner_mgmt,4.8,30.8,0.0,-4.19,-18.0,0.007,True,
hi_sadhguru_inner_mgmt_0125.wav,hi_sadhguru_inner_mgmt,7.8,31.7,0.0,-3.41,-18.0,0.127,True,
hi_sadhguru_inner_mgmt_0126.wav,hi_sadhguru_inner_mgmt,5.4,37.0,0.0,-3.77,-18.3,0.037,True,
hi_sadhguru_inner_mgmt_0127.wav,hi_sadhguru_inner_mgmt,5.1,31.5,0.0,-3.6,-18.3,0.013,True,
hi_sadhguru_inner_mgmt_0128.wav,hi_sadhguru_inner_mgmt,4.6,32.5,0.0,-4.31,-18.3,0.078,True,
hi_sadhguru_inner_mgmt_0129.wav,hi_sadhguru_inner_mgmt,15.9,36.1,0.0,-3.54,-17.8,0.037,True,
hi_sadhguru_inner_mgmt_0130.wav,hi_sadhguru_inner_mgmt,8.1,34.8,0.0,-3.92,-17.2,0.052,True,
hi_sadhguru_inner_mgmt_0131.wav,hi_sadhguru_inner_mgmt,15.3,17.8,0.0,-3.88,-17.6,0.017,False,low_snr(17.8dB)
hi_sadhguru_inner_mgmt_0132.wav,hi_sadhguru_inner_mgmt,7.2,31.4,0.0,-3.75,-18.6,0.045,True,
hi_sadhguru_inner_mgmt_0133.wav,hi_sadhguru_inner_mgmt,6.6,40.8,0.0,-4.54,-17.7,0.01,True,
hi_sadhguru_inner_mgmt_0134.wav,hi_sadhguru_inner_mgmt,4.1,34.0,0.0,-4.08,-19.7,0.016,True,
hi_sadhguru_karma_0001.wav,hi_sadhguru_karma,7.0,17.6,0.0,-1.06,-16.7,0.098,False,low_snr(17.6dB)
hi_sadhguru_karma_0002.wav,hi_sadhguru_karma,6.5,14.2,0.0,-1.47,-16.4,0.046,False,low_snr(14.2dB)
hi_sadhguru_karma_0003.wav,hi_sadhguru_karma,6.2,25.1,0.0,-0.93,-17.2,0.074,True,
hi_sadhguru_karma_0004.wav,hi_sadhguru_karma,6.6,19.0,0.0,-1.26,-17.6,0.076,False,low_snr(19.0dB)
hi_sadhguru_karma_0005.wav,hi_sadhguru_karma,7.8,31.8,0.0,-0.73,-17.2,0.078,True,
hi_sadhguru_karma_0006.wav,hi_sadhguru_karma,4.0,37.4,0.0,-0.96,-16.7,0.066,True,
hi_sadhguru_karma_0007.wav,hi_sadhguru_karma,5.4,32.3,0.0,-1.65,-18.2,0.101,True,
hi_sadhguru_karma_0008.wav,hi_sadhguru_karma,6.0,30.4,0.0,-1.47,-18.6,0.081,True,
hi_sadhguru_karma_0009.wav,hi_sadhguru_karma,11.2,31.1,0.0,-1.13,-17.7,0.024,True,
hi_sadhguru_karma_0010.wav,hi_sadhguru_karma,7.0,46.3,0.0,-0.96,-16.7,0.027,True,
hi_sadhguru_karma_0011.wav,hi_sadhguru_karma,8.6,29.7,0.0,-1.42,-17.5,0.086,True,
hi_sadhguru_karma_0012.wav,hi_sadhguru_karma,4.0,30.3,0.0,-2.99,-17.7,0.073,True,
hi_sadhguru_karma_0013.wav,hi_sadhguru_karma,5.9,37.7,0.0,-1.11,-18.2,0.096,True,
hi_sadhguru_karma_0014.wav,hi_sadhguru_karma,5.4,35.5,0.0,-3.4,-20.2,0.043,True,
hi_sadhguru_karma_0015.wav,hi_sadhguru_karma,5.7,37.7,0.0,-1.12,-18.3,0.075,True,
hi_sadhguru_karma_0016.wav,hi_sadhguru_karma,6.1,44.1,0.0,-1.34,-18.5,0.07,True,
hi_sadhguru_karma_0017.wav,hi_sadhguru_karma,4.7,31.6,0.0,-2.08,-18.5,0.021,True,
hi_sadhguru_karma_0018.wav,hi_sadhguru_karma,5.5,14.4,0.0,-2.11,-19.3,0.036,False,low_snr(14.4dB)
hi_sadhguru_karma_0019.wav,hi_sadhguru_karma,12.1,18.5,0.0,-3.04,-17.4,0.052,False,low_snr(18.5dB)
hi_sadhguru_karma_0020.wav,hi_sadhguru_karma,4.0,43.0,0.0,-0.99,-16.1,0.049,True,
hi_sadhguru_karma_0021.wav,hi_sadhguru_karma,4.6,24.7,0.0,-2.3,-19.1,0.119,True,
hi_sadhguru_karma_0022.wav,hi_sadhguru_karma,6.0,36.5,0.0,-1.59,-19.1,0.05,True,
hi_sadhguru_karma_0023.wav,hi_sadhguru_karma,5.6,35.3,0.0,-3.09,-18.7,0.105,True,
hi_sadhguru_karma_0024.wav,hi_sadhguru_karma,4.8,33.6,0.0,-1.66,-17.5,0.095,True,
hi_sadhguru_karma_0025.wav,hi_sadhguru_karma,4.4,16.0,0.0,-2.18,-19.1,0.089,False,low_snr(16.0dB)
hi_sadhguru_karma_0026.wav,hi_sadhguru_karma,4.6,29.5,0.0,-2.06,-18.6,0.085,True,
hi_sadhguru_karma_0027.wav,hi_sadhguru_karma,6.6,26.9,0.0,-3.86,-18.5,0.084,True,
hi_sadhguru_karma_0028.wav,hi_sadhguru_karma,5.2,36.1,0.0,-2.16,-19.0,0.11,True,
hi_sadhguru_karma_0029.wav,hi_sadhguru_karma,7.1,38.1,0.0,-1.81,-18.9,0.037,True,
hi_sadhguru_karma_0030.wav,hi_sadhguru_karma,4.1,26.2,0.0,-1.05,-18.8,0.112,True,
hi_sadhguru_karma_0031.wav,hi_sadhguru_karma,5.1,28.0,0.0,-1.08,-17.1,0.155,True,
hi_sadhguru_karma_0032.wav,hi_sadhguru_karma,5.3,38.0,0.0,-0.94,-17.4,0.097,True,
hi_sadhguru_karma_0033.wav,hi_sadhguru_karma,10.8,28.1,0.0,-0.97,-17.2,0.053,True,
hi_sadhguru_karma_0034.wav,hi_sadhguru_karma,4.7,13.3,0.0,-1.51,-19.2,0.097,False,low_snr(13.3dB)
hi_sadhguru_karma_0035.wav,hi_sadhguru_karma,4.3,13.0,0.0,-1.43,-16.5,0.048,False,low_snr(13.0dB)
hi_sadhguru_karma_0036.wav,hi_sadhguru_karma,4.7,13.0,0.0,-2.63,-18.9,0.083,False,low_snr(13.0dB)
hi_sadhguru_karma_0037.wav,hi_sadhguru_karma,4.3,67.6,0.0,-1.26,-17.0,0.008,True,
hi_sadhguru_karma_0038.wav,hi_sadhguru_karma,4.5,29.3,0.0,-1.42,-16.4,0.134,True,
hi_sadhguru_karma_0039.wav,hi_sadhguru_karma,5.5,32.8,0.0,-1.06,-16.5,0.119,True,
hi_sadhguru_karma_0040.wav,hi_sadhguru_karma,8.8,33.5,0.0,-0.92,-17.2,0.085,True,
hi_sadhguru_karma_0041.wav,hi_sadhguru_karma,6.5,34.7,0.0,-0.9,-16.8,0.065,True,
hi_sadhguru_karma_0042.wav,hi_sadhguru_karma,4.6,50.3,0.0,-1.38,-17.8,0.048,True,
hi_sadhguru_karma_0043.wav,hi_sadhguru_karma,12.3,38.0,0.0,-0.89,-17.2,0.06,True,
hi_sadhguru_karma_0044.wav,hi_sadhguru_karma,4.0,26.5,0.0,-1.12,-16.2,0.186,True,
hi_sadhguru_karma_0045.wav,hi_sadhguru_karma,4.2,40.6,0.0,-1.01,-16.9,0.049,True,
hi_sadhguru_karma_0046.wav,hi_sadhguru_karma,5.4,37.6,0.0,-2.59,-18.7,0.041,True,
hi_sadhguru_karma_0047.wav,hi_sadhguru_karma,6.1,19.5,0.0,-2.47,-17.6,0.094,False,low_snr(19.5dB)
hi_sadhguru_karma_0048.wav,hi_sadhguru_karma,4.2,36.6,0.0,-2.22,-17.8,0.085,True,
hi_sadhguru_karma_0049.wav,hi_sadhguru_karma,5.3,32.4,0.0,-1.48,-18.8,0.123,True,
hi_sadhguru_karma_0050.wav,hi_sadhguru_karma,4.3,28.1,0.0,-1.5,-18.6,0.139,True,
hi_sadhguru_karma_0051.wav,hi_sadhguru_karma,5.1,19.0,0.0,-1.12,-16.5,0.162,False,low_snr(19.0dB)
hi_sadhguru_karma_0052.wav,hi_sadhguru_karma,5.1,29.8,0.0,-1.3,-18.7,0.073,True,
hi_sadhguru_karma_0053.wav,hi_sadhguru_karma,8.4,31.5,0.0,-1.38,-18.5,0.064,True,
hi_sadhguru_karma_0054.wav,hi_sadhguru_karma,13.6,32.6,0.0,-2.36,-18.7,0.034,True,
hi_sadhguru_karma_0055.wav,hi_sadhguru_karma,6.9,34.0,0.0,-0.86,-17.5,0.043,True,
hi_sadhguru_karma_0056.wav,hi_sadhguru_karma,4.5,46.5,0.0,-4.53,-20.3,0.022,True,
hi_sadhguru_karma_0057.wav,hi_sadhguru_karma,5.8,37.3,0.0,-2.8,-18.8,0.058,True,
hi_sadhguru_karma_0058.wav,hi_sadhguru_karma,7.6,32.6,0.0,-1.05,-16.4,0.069,True,
hi_sadhguru_karma_0059.wav,hi_sadhguru_karma,6.7,26.1,0.0,-1.85,-18.3,0.126,True,
hi_sadhguru_karma_0060.wav,hi_sadhguru_karma,4.5,32.5,0.0,-3.61,-20.3,0.08,True,
hi_sadhguru_karma_0061.wav,hi_sadhguru_karma,4.0,52.6,0.0,-3.37,-18.7,0.074,True,
hi_sadhguru_karma_0062.wav,hi_sadhguru_karma,15.7,33.9,0.0,-2.58,-18.9,0.033,True,
hi_sadhguru_karma_0063.wav,hi_sadhguru_karma,4.2,40.8,0.0,-1.05,-17.0,0.016,True,
hi_sadhguru_karma_0064.wav,hi_sadhguru_karma,4.2,27.6,0.0,-4.07,-20.0,0.088,True,
hi_sadhguru_karma_0065.wav,hi_sadhguru_karma,4.1,37.9,0.0,-1.23,-17.0,0.057,True,
hi_sadhguru_karma_0066.wav,hi_sadhguru_karma,4.6,26.3,0.0,-1.99,-19.7,0.078,True,
hi_sadhguru_karma_0067.wav,hi_sadhguru_karma,5.2,35.3,0.0,-2.67,-19.4,0.076,True,
hi_sadhguru_karma_0068.wav,hi_sadhguru_karma,4.6,29.1,0.0,-3.4,-18.6,0.112,True,
hi_sadhguru_karma_0069.wav,hi_sadhguru_karma,5.2,43.4,0.0,-2.48,-18.1,0.063,True,
hi_sadhguru_karma_0070.wav,hi_sadhguru_karma,6.0,24.3,0.0,-2.0,-19.0,0.084,True,
hi_sadhguru_karma_0071.wav,hi_sadhguru_karma,4.1,44.6,0.0,-0.98,-17.4,0.057,True,
hi_sadhguru_karma_0072.wav,hi_sadhguru_karma,11.7,19.6,0.0,-2.15,-19.0,0.072,False,low_snr(19.6dB)
hi_sadhguru_karma_0073.wav,hi_sadhguru_karma,5.9,29.0,0.0,-4.27,-20.5,0.11,True,
hi_sadhguru_karma_0074.wav,hi_sadhguru_karma,5.3,34.8,0.0,-3.64,-19.7,0.092,True,
hi_sadhguru_karma_0075.wav,hi_sadhguru_karma,4.3,40.8,0.0,-2.76,-18.5,0.048,True,
hi_sadhguru_karma_0076.wav,hi_sadhguru_karma,4.9,30.0,0.0,-3.32,-18.7,0.053,True,
hi_sadhguru_karma_0077.wav,hi_sadhguru_karma,5.6,46.1,0.0,-2.29,-17.9,0.029,True,
hi_sadhguru_karma_0078.wav,hi_sadhguru_karma,6.3,13.4,0.0,-2.58,-18.2,0.097,False,low_snr(13.4dB)
hi_sadhguru_karma_0079.wav,hi_sadhguru_karma,8.6,33.0,0.0,-1.16,-17.8,0.031,True,
hi_sadhguru_karma_0080.wav,hi_sadhguru_karma,15.2,32.8,0.0,-0.9,-17.3,0.086,True,
hi_sadhguru_karma_0081.wav,hi_sadhguru_karma,5.3,28.6,0.0,-1.24,-17.5,0.09,True,
hi_sadhguru_karma_0082.wav,hi_sadhguru_karma,6.5,29.0,0.0,-1.85,-18.6,0.075,True,
hi_sadhguru_karma_0083.wav,hi_sadhguru_karma,4.7,17.9,0.0,-0.9,-18.7,0.125,False,low_snr(17.9dB)
hi_sadhguru_karma_0084.wav,hi_sadhguru_karma,4.0,45.4,0.0,-0.92,-16.8,0.033,True,
hi_sadhguru_karma_0085.wav,hi_sadhguru_karma,5.4,39.4,0.0,-1.15,-17.1,0.067,True,
hi_sadhguru_karma_0086.wav,hi_sadhguru_karma,5.2,24.5,0.0,-1.32,-17.6,0.128,True,
hi_sadhguru_karma_0087.wav,hi_sadhguru_karma,5.6,54.5,0.0,-3.13,-18.9,0.041,True,
hi_sadhguru_karma_0088.wav,hi_sadhguru_karma,6.4,46.8,0.0,-3.01,-19.0,0.036,True,
hi_sadhguru_karma_0089.wav,hi_sadhguru_karma,7.6,26.9,0.0,-2.04,-18.7,0.094,True,
hi_sadhguru_karma_0090.wav,hi_sadhguru_karma,4.7,29.9,0.0,-2.33,-19.0,0.063,True,
hi_sadhguru_karma_0091.wav,hi_sadhguru_karma,5.5,26.1,0.0,-2.99,-21.4,0.036,True,
hi_sadhguru_brieflife_0001.wav,hi_sadhguru_brieflife,5.1,35.5,0.0,-4.79,-21.1,0.047,True,
hi_sadhguru_brieflife_0002.wav,hi_sadhguru_brieflife,5.7,37.6,0.0,-4.38,-21.2,0.047,True,
hi_sadhguru_brieflife_0003.wav,hi_sadhguru_brieflife,6.0,34.6,0.0,-4.58,-21.6,0.14,True,
hi_sadhguru_brieflife_0004.wav,hi_sadhguru_brieflife,5.7,40.2,0.0,-2.79,-21.1,0.086,True,
hi_sadhguru_brieflife_0005.wav,hi_sadhguru_brieflife,8.5,35.3,0.0,-4.77,-21.3,0.072,True,
hi_sadhguru_brieflife_0006.wav,hi_sadhguru_brieflife,17.5,28.5,0.0,-4.64,-22.4,0.098,True,
hi_sadhguru_brieflife_0007.wav,hi_sadhguru_brieflife,4.4,29.4,0.0,-7.91,-24.2,0.151,True,
hi_sadhguru_brieflife_0008.wav,hi_sadhguru_brieflife,4.1,21.2,0.0,-4.51,-23.3,0.136,False,low_snr(21.2dB)
hi_sadhguru_brieflife_0009.wav,hi_sadhguru_brieflife,7.1,24.5,0.0,-5.14,-22.8,0.124,True,
hi_sadhguru_brieflife_0010.wav,hi_sadhguru_brieflife,5.5,40.0,0.0,-7.4,-22.8,0.135,True,
hi_sadhguru_brieflife_0011.wav,hi_sadhguru_brieflife,5.0,33.9,0.0,-8.13,-23.1,0.021,True,
hi_sadhguru_brieflife_0012.wav,hi_sadhguru_brieflife,10.5,22.2,0.0,-5.67,-23.2,0.069,True,
hi_sadhguru_brieflife_0013.wav,hi_sadhguru_brieflife,5.8,16.3,0.0,-7.05,-24.1,0.097,False,low_snr(16.3dB)
hi_sadhguru_brieflife_0014.wav,hi_sadhguru_brieflife,7.5,33.2,0.0,-7.31,-24.0,0.061,True,
hi_sadhguru_brieflife_0015.wav,hi_sadhguru_brieflife,4.8,35.1,0.0,-7.65,-25.1,0.157,True,
hi_sadhguru_brieflife_0016.wav,hi_sadhguru_brieflife,7.5,33.3,0.0,-6.65,-23.2,0.078,True,
hi_sadhguru_brieflife_0017.wav,hi_sadhguru_brieflife,4.8,40.9,0.0,-5.55,-23.3,0.156,True,
hi_sadhguru_brieflife_0018.wav,hi_sadhguru_brieflife,5.8,45.2,0.0,-7.14,-23.6,0.101,True,
hi_sadhguru_brieflife_0019.wav,hi_sadhguru_brieflife,5.5,42.4,0.0,-8.42,-23.8,0.047,True,
hi_sadhguru_brieflife_0020.wav,hi_sadhguru_brieflife,7.8,25.8,0.0,-7.7,-23.2,0.063,True,
hi_sadhguru_brieflife_0021.wav,hi_sadhguru_brieflife,4.6,29.7,0.0,-6.16,-23.2,0.043,True,
hi_sadhguru_brieflife_0022.wav,hi_sadhguru_brieflife,5.0,25.9,0.0,-6.57,-22.5,0.041,True,
